long	lat	order	hole	piece	group	AREASQKM16
150.870978119	-33.856457309	1	FALSE	1	189.1	19.8467
150.870967023	-33.855989	2	FALSE	1	189.1	19.8467
150.870729006	-33.8555679949999	3	FALSE	1	189.1	19.8467
150.870102009	-33.855145992	4	FALSE	1	189.1	19.8467
150.869887024	-33.854934	5	FALSE	1	189.1	19.8467
150.869813002	-33.854733997	6	FALSE	1	189.1	19.8467
150.869792015	-33.854564	7	FALSE	1	189.1	19.8467
150.869727008	-33.854060005	8	FALSE	1	189.1	19.8467
150.868904992	-33.852385995	9	FALSE	1	189.1	19.8467
150.868812975	-33.851998994	10	FALSE	1	189.1	19.8467
150.868907985	-33.8515929929999	11	FALSE	1	189.1	19.8467
150.869129978	-33.851122001	12	FALSE	1	189.1	19.8467
150.868911014	-33.850364001	13	FALSE	1	189.1	19.8467
150.868252007	-33.849907994	14	FALSE	1	189.1	19.8467
150.868102028	-33.8495830049999	15	FALSE	1	189.1	19.8467
150.868347016	-33.8493020079999	16	FALSE	1	189.1	19.8467
150.871490031	-33.848056995	17	FALSE	1	189.1	19.8467
150.871602999	-33.848013002	18	FALSE	1	189.1	19.8467
150.872735995	-33.846470509	19	FALSE	1	189.1	19.8467
150.872786913	-33.846510414	20	FALSE	1	189.1	19.8467
150.872884294	-33.846583248	21	FALSE	1	189.1	19.8467
150.873035952	-33.8466842029999	22	FALSE	1	189.1	19.8467
150.874274251	-33.8474441079999	23	FALSE	1	189.1	19.8467
150.874792587	-33.84775946	24	FALSE	1	189.1	19.8467
150.875257634	-33.848044822	25	FALSE	1	189.1	19.8467
150.875569052	-33.8482338549999	26	FALSE	1	189.1	19.8467
150.875878462	-33.848425645	27	FALSE	1	189.1	19.8467
150.876014936	-33.8485252479999	28	FALSE	1	189.1	19.8467
150.876103886	-33.848603763	29	FALSE	1	189.1	19.8467
150.876175645	-33.848683701	30	FALSE	1	189.1	19.8467
150.876240104	-33.848770207	31	FALSE	1	189.1	19.8467
150.876296096	-33.848861486	32	FALSE	1	189.1	19.8467
150.876337998	-33.8489513769999	33	FALSE	1	189.1	19.8467
150.876372709	-33.849050538	34	FALSE	1	189.1	19.8467
150.876411764	-33.849199222	35	FALSE	1	189.1	19.8467
150.876429138	-33.8492882259999	36	FALSE	1	189.1	19.8467
150.876499985	-33.849673266	37	FALSE	1	189.1	19.8467
150.876551778	-33.849985916	38	FALSE	1	189.1	19.8467
150.876564699	-33.850300638	39	FALSE	1	189.1	19.8467
150.876567364	-33.8505120369999	40	FALSE	1	189.1	19.8467
150.876567509	-33.851122427	41	FALSE	1	189.1	19.8467
150.876827098	-33.851127274	42	FALSE	1	189.1	19.8467
150.876910464	-33.851262638	43	FALSE	1	189.1	19.8467
150.876965761	-33.851329016	44	FALSE	1	189.1	19.8467
150.877061573	-33.851413339	45	FALSE	1	189.1	19.8467
150.877191185	-33.8515053579999	46	FALSE	1	189.1	19.8467
150.877342149	-33.8516054249999	47	FALSE	1	189.1	19.8467
150.877607102	-33.851728172	48	FALSE	1	189.1	19.8467
150.87783249	-33.8518084799999	49	FALSE	1	189.1	19.8467
150.878226763	-33.85192196	50	FALSE	1	189.1	19.8467
150.878383311	-33.851960772	51	FALSE	1	189.1	19.8467
150.878739843	-33.852024801	52	FALSE	1	189.1	19.8467
150.879025821	-33.852056085	53	FALSE	1	189.1	19.8467
150.879665374	-33.852132286	54	FALSE	1	189.1	19.8467
150.880437678	-33.8522596029999	55	FALSE	1	189.1	19.8467
150.881777811	-33.8524811959999	56	FALSE	1	189.1	19.8467
150.882317574	-33.852570329	57	FALSE	1	189.1	19.8467
150.882440615	-33.8525933249999	58	FALSE	1	189.1	19.8467
150.882597857	-33.852611047	59	FALSE	1	189.1	19.8467
150.882958513	-33.8526696559999	60	FALSE	1	189.1	19.8467
150.884139215	-33.852865774	61	FALSE	1	189.1	19.8467
150.884853192	-33.852984137	62	FALSE	1	189.1	19.8467
150.885451792	-33.8530695329999	63	FALSE	1	189.1	19.8467
150.885729739	-33.853109919	64	FALSE	1	189.1	19.8467
150.885987064	-33.853153838	65	FALSE	1	189.1	19.8467
150.886286328	-33.853182771	66	FALSE	1	189.1	19.8467
150.88661585	-33.853193594	67	FALSE	1	189.1	19.8467
150.886872481	-33.853196462	68	FALSE	1	189.1	19.8467
150.88725752	-33.853190819	69	FALSE	1	189.1	19.8467
150.887578245	-33.853174521	70	FALSE	1	189.1	19.8467
150.888088224	-33.8531316	71	FALSE	1	189.1	19.8467
150.888407014	-33.8530964139999	72	FALSE	1	189.1	19.8467
150.888658353	-33.853053382	73	FALSE	1	189.1	19.8467
150.888782746	-33.853027853	74	FALSE	1	189.1	19.8467
150.888907028	-33.8529996029999	75	FALSE	1	189.1	19.8467
150.889271152	-33.852913338	76	FALSE	1	189.1	19.8467
150.889461682	-33.852864979	77	FALSE	1	189.1	19.8467
150.889644547	-33.8528159539999	78	FALSE	1	189.1	19.8467
150.89000659	-33.852707192	79	FALSE	1	189.1	19.8467
150.890189492	-33.852659055	80	FALSE	1	189.1	19.8467
150.890312643	-33.85262903	81	FALSE	1	189.1	19.8467
150.890807473	-33.852512535	82	FALSE	1	189.1	19.8467
150.890931793	-33.8524851729999	83	FALSE	1	189.1	19.8467
150.891056148	-33.852459644	84	FALSE	1	189.1	19.8467
150.89119879	-33.852437703	85	FALSE	1	189.1	19.8467
150.891813961	-33.852343075	86	FALSE	1	189.1	19.8467
150.892600791	-33.85224225	87	FALSE	1	189.1	19.8467
150.89308438	-33.852188822	88	FALSE	1	189.1	19.8467
150.893600125	-33.8521194099999	89	FALSE	1	189.1	19.8467
150.894265739	-33.852024968	90	FALSE	1	189.1	19.8467
150.894783273	-33.851947767	91	FALSE	1	189.1	19.8467
150.896331968	-33.8517167759999	92	FALSE	1	189.1	19.8467
150.896551187	-33.8527320379999	93	FALSE	1	189.1	19.8467
150.896765004	-33.852731002	94	FALSE	1	189.1	19.8467
150.897108213	-33.854290219	95	FALSE	1	189.1	19.8467
150.897161576	-33.854530349	96	FALSE	1	189.1	19.8467
150.897202237	-33.854715127	97	FALSE	1	189.1	19.8467
150.897332871	-33.8555697159999	98	FALSE	1	189.1	19.8467
150.897358019	-33.8561130049999	99	FALSE	1	189.1	19.8467
150.89737083	-33.856498915	100	FALSE	1	189.1	19.8467
150.898065754	-33.85651279	101	FALSE	1	189.1	19.8467
150.898669062	-33.8565661069999	102	FALSE	1	189.1	19.8467
150.900612323	-33.856865178	103	FALSE	1	189.1	19.8467
150.900835228	-33.856900439	104	FALSE	1	189.1	19.8467
150.902824624	-33.8571579219999	105	FALSE	1	189.1	19.8467
150.903377708	-33.857249016	106	FALSE	1	189.1	19.8467
150.904303531	-33.8573776279999	107	FALSE	1	189.1	19.8467
150.904528626	-33.857408412	108	FALSE	1	189.1	19.8467
150.905056526	-33.857466539	109	FALSE	1	189.1	19.8467
150.907436509	-33.8577789669999	110	FALSE	1	189.1	19.8467
150.90765018	-33.8578024989999	111	FALSE	1	189.1	19.8467
150.90784571	-33.857826734	112	FALSE	1	189.1	19.8467
150.9086947	-33.857925339	113	FALSE	1	189.1	19.8467
150.909568692	-33.858027015	114	FALSE	1	189.1	19.8467
150.910598358	-33.8581574209999	115	FALSE	1	189.1	19.8467
150.910960364	-33.858200471	116	FALSE	1	189.1	19.8467
150.911224478	-33.858236731	117	FALSE	1	189.1	19.8467
150.911495455	-33.858271067	118	FALSE	1	189.1	19.8467
150.913225372	-33.8584905879999	119	FALSE	1	189.1	19.8467
150.91425084	-33.8586244539999	120	FALSE	1	189.1	19.8467
150.91635678	-33.858882659	121	FALSE	1	189.1	19.8467
150.916422991	-33.8589009739999	122	FALSE	1	189.1	19.8467
150.917914089	-33.859091431	123	FALSE	1	189.1	19.8467
150.918438667	-33.8610072349999	124	FALSE	1	189.1	19.8467
150.918630985	-33.861712955	125	FALSE	1	189.1	19.8467
150.918850423	-33.8625102679999	126	FALSE	1	189.1	19.8467
150.917377174	-33.8627960009999	127	FALSE	1	189.1	19.8467
150.91630349	-33.8630806969999	128	FALSE	1	189.1	19.8467
150.916031346	-33.863152866	129	FALSE	1	189.1	19.8467
150.915273059	-33.863353979	130	FALSE	1	189.1	19.8467
150.914646098	-33.863530007	131	FALSE	1	189.1	19.8467
150.91447714	-33.8635802709999	132	FALSE	1	189.1	19.8467
150.913170111	-33.86396903	133	FALSE	1	189.1	19.8467
150.912560123	-33.8642100289999	134	FALSE	1	189.1	19.8467
150.912239142	-33.8644030209999	135	FALSE	1	189.1	19.8467
150.911017159	-33.8652000389999	136	FALSE	1	189.1	19.8467
150.91081316	-33.865335033	137	FALSE	1	189.1	19.8467
150.910884007	-33.865348002	138	FALSE	1	189.1	19.8467
150.911267986	-33.865539995	139	FALSE	1	189.1	19.8467
150.911598019	-33.8657749999999	140	FALSE	1	189.1	19.8467
150.911911007	-33.865965994	141	FALSE	1	189.1	19.8467
150.912119167	-33.866127037	142	FALSE	1	189.1	19.8467
150.912291994	-33.8663019909999	143	FALSE	1	189.1	19.8467
150.91244617	-33.8665050289999	144	FALSE	1	189.1	19.8467
150.912496175	-33.86660602	145	FALSE	1	189.1	19.8467
150.91256516	-33.866679021	146	FALSE	1	189.1	19.8467
150.912667177	-33.866852015	147	FALSE	1	189.1	19.8467
150.912700173	-33.8669530249999	148	FALSE	1	189.1	19.8467
150.912768173	-33.8670400299999	149	FALSE	1	189.1	19.8467
150.912920159	-33.8673430229999	150	FALSE	1	189.1	19.8467
150.912958228	-33.867450286	151	FALSE	1	189.1	19.8467
150.913004036	-33.867516054	152	FALSE	1	189.1	19.8467
150.91310317	-33.8678040249999	153	FALSE	1	189.1	19.8467
150.913188142	-33.867934024	154	FALSE	1	189.1	19.8467
150.913223182	-33.8679630139999	155	FALSE	1	189.1	19.8467
150.913307168	-33.868122021	156	FALSE	1	189.1	19.8467
150.913306219	-33.86817902	157	FALSE	1	189.1	19.8467
150.913458205	-33.868468027	158	FALSE	1	189.1	19.8467
150.913578217	-33.8686420189999	159	FALSE	1	189.1	19.8467
150.913810248	-33.86907812	160	FALSE	1	189.1	19.8467
150.913429553	-33.869306169	161	FALSE	1	189.1	19.8467
150.913419479	-33.869402554	162	FALSE	1	189.1	19.8467
150.913403309	-33.8694739269999	163	FALSE	1	189.1	19.8467
150.913210699	-33.870495053	164	FALSE	1	189.1	19.8467
150.914541197	-33.870418999	165	FALSE	1	189.1	19.8467
150.914574193	-33.870533996	166	FALSE	1	189.1	19.8467
150.914625183	-33.870620002	167	FALSE	1	189.1	19.8467
150.91489521	-33.87114	168	FALSE	1	189.1	19.8467
150.914893166	-33.8712120019999	169	FALSE	1	189.1	19.8467
150.914961166	-33.8712990079999	170	FALSE	1	189.1	19.8467
150.914977189	-33.8713989999999	171	FALSE	1	189.1	19.8467
150.915074206	-33.871744006	172	FALSE	1	189.1	19.8467
150.915108188	-33.8718309939999	173	FALSE	1	189.1	19.8467
150.915135709	-33.872195591	174	FALSE	1	189.1	19.8467
150.915148192	-33.872361	175	FALSE	1	189.1	19.8467
150.915131219	-33.873047998	176	FALSE	1	189.1	19.8467
150.915256232	-33.873425009	177	FALSE	1	189.1	19.8467
150.915304229	-33.873467004	178	FALSE	1	189.1	19.8467
150.915353213	-33.873596985	179	FALSE	1	189.1	19.8467
150.915535238	-33.873871988	180	FALSE	1	189.1	19.8467
150.915786249	-33.874133985	181	FALSE	1	189.1	19.8467
150.916006234	-33.874251977	182	FALSE	1	189.1	19.8467
150.916296226	-33.874356983	183	FALSE	1	189.1	19.8467
150.916448212	-33.874430984	184	FALSE	1	189.1	19.8467
150.916567348	-33.874457938	185	FALSE	1	189.1	19.8467
150.916557749	-33.8745538229999	186	FALSE	1	189.1	19.8467
150.916546434	-33.8746801419999	187	FALSE	1	189.1	19.8467
150.91654574	-33.874758804	188	FALSE	1	189.1	19.8467
150.916550047	-33.874837022	189	FALSE	1	189.1	19.8467
150.916559246	-33.87491498	190	FALSE	1	189.1	19.8467
150.916403244	-33.8759459849999	191	FALSE	1	189.1	19.8467
150.916308417	-33.876419031	192	FALSE	1	189.1	19.8467
150.916076241	-33.877573986	193	FALSE	1	189.1	19.8467
150.915920276	-33.878347988	194	FALSE	1	189.1	19.8467
150.915728286	-33.879302977	195	FALSE	1	189.1	19.8467
150.915649045	-33.879695899	196	FALSE	1	189.1	19.8467
150.915498337	-33.8804443719999	197	FALSE	1	189.1	19.8467
150.915483882	-33.8805157259999	198	FALSE	1	189.1	19.8467
150.915407853	-33.880890888	199	FALSE	1	189.1	19.8467
150.91504132	-33.88102801	200	FALSE	1	189.1	19.8467
150.91448652	-33.881319995	201	FALSE	1	189.1	19.8467
150.914293362	-33.8814600219999	202	FALSE	1	189.1	19.8467
150.914116337	-33.881701021	203	FALSE	1	189.1	19.8467
150.914045344	-33.881829023	204	FALSE	1	189.1	19.8467
150.913912922	-33.8822907269999	205	FALSE	1	189.1	19.8467
150.913820395	-33.8826130159999	206	FALSE	1	189.1	19.8467
150.913713377	-33.8827980149999	207	FALSE	1	189.1	19.8467
150.913590408	-33.882925018	208	FALSE	1	189.1	19.8467
150.912944432	-33.8834160449999	209	FALSE	1	189.1	19.8467
150.912537712	-33.8836637969999	210	FALSE	1	189.1	19.8467
150.912509425	-33.883681039	211	FALSE	1	189.1	19.8467
150.912127415	-33.883876066	212	FALSE	1	189.1	19.8467
150.911605429	-33.8841820559999	213	FALSE	1	189.1	19.8467
150.911403438	-33.884284065	214	FALSE	1	189.1	19.8467
150.911240465	-33.8843630599999	215	FALSE	1	189.1	19.8467
150.911188453	-33.88439105	216	FALSE	1	189.1	19.8467
150.910910469	-33.8845580679999	217	FALSE	1	189.1	19.8467
150.910664495	-33.8847980689999	218	FALSE	1	189.1	19.8467
150.910386512	-33.884937078	219	FALSE	1	189.1	19.8467
150.910141487	-33.8851330859999	220	FALSE	1	189.1	19.8467
150.910000487	-33.885317068	221	FALSE	1	189.1	19.8467
150.909894492	-33.885459093	222	FALSE	1	189.1	19.8467
150.90980649	-33.8855441	223	FALSE	1	189.1	19.8467
150.909698523	-33.8857710949999	224	FALSE	1	189.1	19.8467
150.909626545	-33.885884093	225	FALSE	1	189.1	19.8467
150.909514527	-33.8862550919999	226	FALSE	1	189.1	19.8467
150.909495364	-33.886411898	227	FALSE	1	189.1	19.8467
150.909493503	-33.886427087	228	FALSE	1	189.1	19.8467
150.909402545	-33.886669104	229	FALSE	1	189.1	19.8467
150.90933053	-33.8867831009999	230	FALSE	1	189.1	19.8467
150.90906054	-33.887337102	231	FALSE	1	189.1	19.8467
150.908954544	-33.887479089	232	FALSE	1	189.1	19.8467
150.908710577	-33.887632121	233	FALSE	1	189.1	19.8467
150.908570564	-33.8877451189999	234	FALSE	1	189.1	19.8467
150.908391568	-33.888057122	235	FALSE	1	189.1	19.8467
150.908285572	-33.888199109	236	FALSE	1	189.1	19.8467
150.907981563	-33.8887241209999	237	FALSE	1	189.1	19.8467
150.907927579	-33.8887951049999	238	FALSE	1	189.1	19.8467
150.907838592	-33.8889651389999	239	FALSE	1	189.1	19.8467
150.907749569	-33.889078137	240	FALSE	1	189.1	19.8467
150.907663575	-33.8891061269999	241	FALSE	1	189.1	19.8467
150.907398621	-33.88944514	242	FALSE	1	189.1	19.8467
150.907311606	-33.889487134	243	FALSE	1	189.1	19.8467
150.907171628	-33.8895991329999	244	FALSE	1	189.1	19.8467
150.90711863	-33.889684141	245	FALSE	1	189.1	19.8467
150.906995625	-33.889768131	246	FALSE	1	189.1	19.8467
150.906692711	-33.8896700999999	247	FALSE	1	189.1	19.8467
150.906415129	-33.8896847519999	248	FALSE	1	189.1	19.8467
150.906219964	-33.889843722	249	FALSE	1	189.1	19.8467
150.906135649	-33.8898691599999	250	FALSE	1	189.1	19.8467
150.905928657	-33.889937147	251	FALSE	1	189.1	19.8467
150.905628007	-33.8899979939999	252	FALSE	1	189.1	19.8467
150.905413058	-33.890001842	253	FALSE	1	189.1	19.8467
150.904936989	-33.8899320039999	254	FALSE	1	189.1	19.8467
150.904427412	-33.8899749239999	255	FALSE	1	189.1	19.8467
150.904237576	-33.889994959	256	FALSE	1	189.1	19.8467
150.904059346	-33.890117392	257	FALSE	1	189.1	19.8467
150.903774938	-33.890315879	258	FALSE	1	189.1	19.8467
150.903616491	-33.8904260649999	259	FALSE	1	189.1	19.8467
150.903007964	-33.8910441689999	260	FALSE	1	189.1	19.8467
150.902916969	-33.8911343739999	261	FALSE	1	189.1	19.8467
150.902715051	-33.8909660059999	262	FALSE	1	189.1	19.8467
150.902571022	-33.890850991	263	FALSE	1	189.1	19.8467
150.901503908	-33.890133302	264	FALSE	1	189.1	19.8467
150.90131586	-33.889991833	265	FALSE	1	189.1	19.8467
150.901102883	-33.889860261	266	FALSE	1	189.1	19.8467
150.899597075	-33.888869161	267	FALSE	1	189.1	19.8467
150.899025668	-33.888466083	268	FALSE	1	189.1	19.8467
150.897578881	-33.887456167	269	FALSE	1	189.1	19.8467
150.896327551	-33.886614048	270	FALSE	1	189.1	19.8467
150.89609114	-33.886469914	271	FALSE	1	189.1	19.8467
150.896028945	-33.886461589	272	FALSE	1	189.1	19.8467
150.895975363	-33.8864340609999	273	FALSE	1	189.1	19.8467
150.895938424	-33.8863915109999	274	FALSE	1	189.1	19.8467
150.895734572	-33.886209952	275	FALSE	1	189.1	19.8467
150.89494296	-33.885666848	276	FALSE	1	189.1	19.8467
150.894738195	-33.8855241759999	277	FALSE	1	189.1	19.8467
150.893909864	-33.8849541719999	278	FALSE	1	189.1	19.8467
150.893191435	-33.8844674179999	279	FALSE	1	189.1	19.8467
150.891753334	-33.883484033	280	FALSE	1	189.1	19.8467
150.891093049	-33.8830434729999	281	FALSE	1	189.1	19.8467
150.890526752	-33.88265194	282	FALSE	1	189.1	19.8467
150.890383015	-33.8825557019999	283	FALSE	1	189.1	19.8467
150.890233	-33.8826349939999	284	FALSE	1	189.1	19.8467
150.889414013	-33.883472008	285	FALSE	1	189.1	19.8467
150.889018025	-33.883875049	286	FALSE	1	189.1	19.8467
150.886826017	-33.8861069989999	287	FALSE	1	189.1	19.8467
150.88649102	-33.885879006	288	FALSE	1	189.1	19.8467
150.885726017	-33.886655007	289	FALSE	1	189.1	19.8467
150.884864981	-33.887362003	290	FALSE	1	189.1	19.8467
150.884522027	-33.8876679919999	291	FALSE	1	189.1	19.8467
150.883663	-33.888386995	292	FALSE	1	189.1	19.8467
150.883277998	-33.8887080069999	293	FALSE	1	189.1	19.8467
150.882761888	-33.8888588369999	294	FALSE	1	189.1	19.8467
150.882573585	-33.888795531	295	FALSE	1	189.1	19.8467
150.882433717	-33.888920831	296	FALSE	1	189.1	19.8467
150.882075505	-33.888707027	297	FALSE	1	189.1	19.8467
150.881878369	-33.8885825589999	298	FALSE	1	189.1	19.8467
150.881604911	-33.888449876	299	FALSE	1	189.1	19.8467
150.881226953	-33.888274515	300	FALSE	1	189.1	19.8467
150.880964737	-33.888202883	301	FALSE	1	189.1	19.8467
150.880599884	-33.88813719	302	FALSE	1	189.1	19.8467
150.880214772	-33.888082004	303	FALSE	1	189.1	19.8467
150.8798816	-33.888061266	304	FALSE	1	189.1	19.8467
150.879374287	-33.8880480939999	305	FALSE	1	189.1	19.8467
150.878479599	-33.888016218	306	FALSE	1	189.1	19.8467
150.878014552	-33.8879716509999	307	FALSE	1	189.1	19.8467
150.877340689	-33.887871807	308	FALSE	1	189.1	19.8467
150.877089459	-33.887823596	309	FALSE	1	189.1	19.8467
150.876781107	-33.887755479	310	FALSE	1	189.1	19.8467
150.876591818	-33.8877113569999	311	FALSE	1	189.1	19.8467
150.875803491	-33.8875130549999	312	FALSE	1	189.1	19.8467
150.875559233	-33.887450192	313	FALSE	1	189.1	19.8467
150.875315961	-33.887384573	314	FALSE	1	189.1	19.8467
150.87489351	-33.887258588	315	FALSE	1	189.1	19.8467
150.874714477	-33.887200923	316	FALSE	1	189.1	19.8467
150.87447803	-33.887119745	317	FALSE	1	189.1	19.8467
150.874126937	-33.886990652	318	FALSE	1	189.1	19.8467
150.8738956	-33.8869020929999	319	FALSE	1	189.1	19.8467
150.873625135	-33.8867958659999	320	FALSE	1	189.1	19.8467
150.873026353	-33.88656419	321	FALSE	1	189.1	19.8467
150.872914991	-33.8865197719999	322	FALSE	1	189.1	19.8467
150.871821853	-33.886089461	323	FALSE	1	189.1	19.8467
150.871241649	-33.8858726409999	324	FALSE	1	189.1	19.8467
150.870819526	-33.885728083	325	FALSE	1	189.1	19.8467
150.87040704	-33.885599656	326	FALSE	1	189.1	19.8467
150.870290605	-33.885559992	327	FALSE	1	189.1	19.8467
150.869815995	-33.885377859	328	FALSE	1	189.1	19.8467
150.868445055	-33.8848414519999	329	FALSE	1	189.1	19.8467
150.86810013	-33.884704921	330	FALSE	1	189.1	19.8467
150.867846017	-33.884608463	331	FALSE	1	189.1	19.8467
150.867638514	-33.884525934	332	FALSE	1	189.1	19.8467
150.86747379	-33.88445125	333	FALSE	1	189.1	19.8467
150.867223327	-33.8843429139999	334	FALSE	1	189.1	19.8467
150.867084445	-33.884267952	335	FALSE	1	189.1	19.8467
150.866966623	-33.884210509	336	FALSE	1	189.1	19.8467
150.866710064	-33.884080713	337	FALSE	1	189.1	19.8467
150.866475004	-33.883980129	338	FALSE	1	189.1	19.8467
150.866243265	-33.883883355	339	FALSE	1	189.1	19.8467
150.866116501	-33.883835292	340	FALSE	1	189.1	19.8467
150.865889581	-33.883740942	341	FALSE	1	189.1	19.8467
150.865528413	-33.8836065949999	342	FALSE	1	189.1	19.8467
150.865281746	-33.883524566	343	FALSE	1	189.1	19.8467
150.865038839	-33.883456708	344	FALSE	1	189.1	19.8467
150.864917951	-33.883428496	345	FALSE	1	189.1	19.8467
150.8647875	-33.883404742	346	FALSE	1	189.1	19.8467
150.864624746	-33.88347099	347	FALSE	1	189.1	19.8467
150.864532292	-33.8834476989999	348	FALSE	1	189.1	19.8467
150.86434428	-33.8834067029999	349	FALSE	1	189.1	19.8467
150.864250256	-33.8833897009999	350	FALSE	1	189.1	19.8467
150.86415229	-33.883373699	351	FALSE	1	189.1	19.8467
150.864054288	-33.883359713	352	FALSE	1	189.1	19.8467
150.863855289	-33.8833376979999	353	FALSE	1	189.1	19.8467
150.86375528	-33.883329706	354	FALSE	1	189.1	19.8467
150.863643297	-33.883322713	355	FALSE	1	189.1	19.8467
150.863529272	-33.8833196969999	356	FALSE	1	189.1	19.8467
150.863302315	-33.883315701	357	FALSE	1	189.1	19.8467
150.863189311	-33.883311724	358	FALSE	1	189.1	19.8467
150.863067327	-33.88330573	359	FALSE	1	189.1	19.8467
150.862823325	-33.883288728	360	FALSE	1	189.1	19.8467
150.862701305	-33.8832827159999	361	FALSE	1	189.1	19.8467
150.862579322	-33.883279719	362	FALSE	1	189.1	19.8467
150.862407334	-33.8832827159999	363	FALSE	1	189.1	19.8467
150.86223531	-33.8832927239999	364	FALSE	1	189.1	19.8467
150.861890312	-33.883320733	365	FALSE	1	189.1	19.8467
150.861718288	-33.8833307419999	366	FALSE	1	189.1	19.8467
150.861580318	-33.8833364029999	367	FALSE	1	189.1	19.8467
150.861027343	-33.883355735	368	FALSE	1	189.1	19.8467
150.86074319	-33.883367224	369	FALSE	1	189.1	19.8467
150.860459512	-33.883380007	370	FALSE	1	189.1	19.8467
150.86031771	-33.883388184	371	FALSE	1	189.1	19.8467
150.860159664	-33.883399987	372	FALSE	1	189.1	19.8467
150.859685894	-33.8834431839999	373	FALSE	1	189.1	19.8467
150.859527849	-33.8834556909999	374	FALSE	1	189.1	19.8467
150.859387799	-33.8834642379999	375	FALSE	1	189.1	19.8467
150.859099011	-33.8834839959999	376	FALSE	1	189.1	19.8467
150.858304005	-33.883519997	377	FALSE	1	189.1	19.8467
150.857738984	-33.8835510019999	378	FALSE	1	189.1	19.8467
150.857634996	-33.8835579949999	379	FALSE	1	189.1	19.8467
150.857116988	-33.8835850049999	380	FALSE	1	189.1	19.8467
150.853868014	-33.8837799959999	381	FALSE	1	189.1	19.8467
150.852801009	-33.8835939969999	382	FALSE	1	189.1	19.8467
150.852172005	-33.8834010049999	383	FALSE	1	189.1	19.8467
150.850958014	-33.8826020079999	384	FALSE	1	189.1	19.8467
150.850533008	-33.882322991	385	FALSE	1	189.1	19.8467
150.849987005	-33.8817589999999	386	FALSE	1	189.1	19.8467
150.849869986	-33.8816139969999	387	FALSE	1	189.1	19.8467
150.849737017	-33.881461002	388	FALSE	1	189.1	19.8467
150.849596017	-33.8813339989999	389	FALSE	1	189.1	19.8467
150.849524988	-33.881278	390	FALSE	1	189.1	19.8467
150.848593983	-33.880524994	391	FALSE	1	189.1	19.8467
150.84815299	-33.880098995	392	FALSE	1	189.1	19.8467
150.847533986	-33.879505996	393	FALSE	1	189.1	19.8467
150.844454006	-33.8779390089999	394	FALSE	1	189.1	19.8467
150.843507014	-33.877163008	395	FALSE	1	189.1	19.8467
150.843205013	-33.876931	396	FALSE	1	189.1	19.8467
150.843085001	-33.8768229959999	397	FALSE	1	189.1	19.8467
150.842581009	-33.8763510059999	398	FALSE	1	189.1	19.8467
150.842448003	-33.876248997	399	FALSE	1	189.1	19.8467
150.842692991	-33.876201008	400	FALSE	1	189.1	19.8467
150.842717008	-33.8759440059999	401	FALSE	1	189.1	19.8467
150.844596722	-33.8747216739999	402	FALSE	1	189.1	19.8467
150.844828935	-33.874968741	403	FALSE	1	189.1	19.8467
150.845595215	-33.8744707399999	404	FALSE	1	189.1	19.8467
150.845363988	-33.874223007	405	FALSE	1	189.1	19.8467
150.846384017	-33.873561002	406	FALSE	1	189.1	19.8467
150.848751005	-33.872022006	407	FALSE	1	189.1	19.8467
150.848834007	-33.8721109909999	408	FALSE	1	189.1	19.8467
150.849599996	-33.8716130079999	409	FALSE	1	189.1	19.8467
150.849518017	-33.871524004	410	FALSE	1	189.1	19.8467
150.850495998	-33.8708879929999	411	FALSE	1	189.1	19.8467
150.850639004	-33.871041006	412	FALSE	1	189.1	19.8467
150.851179022	-33.870690006	413	FALSE	1	189.1	19.8467
150.851037001	-33.870535993	414	FALSE	1	189.1	19.8467
150.851167013	-33.870452004	415	FALSE	1	189.1	19.8467
150.851250015	-33.8705410069999	416	FALSE	1	189.1	19.8467
150.851977496	-33.870069553	417	FALSE	1	189.1	19.8467
150.852009616	-33.869905828	418	FALSE	1	189.1	19.8467
150.852378996	-33.869654006	419	FALSE	1	189.1	19.8467
150.852514995	-33.868967009	420	FALSE	1	189.1	19.8467
150.852653002	-33.868275997	421	FALSE	1	189.1	19.8467
150.852708992	-33.867989006	422	FALSE	1	189.1	19.8467
150.852726002	-33.8679059959999	423	FALSE	1	189.1	19.8467
150.853666825	-33.863160931	424	FALSE	1	189.1	19.8467
150.855872995	-33.863519998	425	FALSE	1	189.1	19.8467
150.860520978	-33.8641570089999	426	FALSE	1	189.1	19.8467
150.863346005	-33.8645369989999	427	FALSE	1	189.1	19.8467
150.864156998	-33.863515003	428	FALSE	1	189.1	19.8467
150.864500975	-33.863292004	429	FALSE	1	189.1	19.8467
150.863837076	-33.8625767199999	430	FALSE	1	189.1	19.8467
150.86429902	-33.8622780009999	431	FALSE	1	189.1	19.8467
150.864101008	-33.8620639929999	432	FALSE	1	189.1	19.8467
150.866787992	-33.860318999	433	FALSE	1	189.1	19.8467
150.866986004	-33.860532008	434	FALSE	1	189.1	19.8467
150.867804006	-33.859999004	435	FALSE	1	189.1	19.8467
150.868112978	-33.8592449999999	436	FALSE	1	189.1	19.8467
150.868239998	-33.858929001	437	FALSE	1	189.1	19.8467
150.868551014	-33.8585309919999	438	FALSE	1	189.1	19.8467
150.870011015	-33.857449001	439	FALSE	1	189.1	19.8467
150.870746015	-33.8569090039999	440	FALSE	1	189.1	19.8467
150.870978119	-33.856457309	441	FALSE	1	189.1	19.8467
